trade_id,timestamp_open,timestamp_close,symbol,timeframe,direction,entry,stop_loss,take_profit,exit_price,pnl,r_multiple,outcome,market_regime,context_bias,context_score,entry_score,extension_atr,spread,volatility,sweep_type,distance_to_h1_high,distance_to_h1_low,distance_to_h1_mid
XAUUSD-2026-01-30T22:00:00+00:00,2026-01-30T22:00:00+00:00,2026-01-30T22:00:00+00:00,XAUUSD,M5,SHORT,4928.81,4949.868,4898.694,4898.694,30.115999999999985,1.4301453129451989,win,trend,short,74,89,,,,high_sweep,0.573237552851842,0.42676244714815803,0.07323755285184196
XAUUSD-2026-02-05T16:55:00+00:00,2026-02-05T16:55:00+00:00,2026-02-05T17:25:00+00:00,XAUUSD,M5,SHORT,4851.34,4872.054,4821.912,4821.912,29.427999999999884,1.4206816645746823,win,trend,short,76,83,,,,high_sweep,0.7624867537972458,0.23751324620275413,0.2624867537972427
XAUUSD-2026-04-02T16:05:00+00:00,2026-04-02T16:05:00+00:00,2026-04-02T16:45:00+00:00,XAUUSD,M5,LONG,4599.03,4578.531,4628.027999999999,4628.027999999999,28.997999999999593,1.4146055905166048,win,trend,short,75,65,,,,low_sweep,0.6705866171515048,0.3294133828484952,0.17058661715150483
XAUUSD-2026-01-29T19:40:00+00:00,2026-01-29T19:40:00+00:00,2026-01-29T19:50:00+00:00,XAUUSD,M5,SHORT,5359.97,5378.264,5335.3820000000005,5335.3820000000005,24.587999999999738,1.3440472285995362,win,trend,short,75,89,,,,high_sweep,0.6521611475788011,0.34783885242119894,0.152161147578802
XAUUSD-2026-03-03T18:40:00+00:00,2026-03-03T18:40:00+00:00,2026-03-03T19:00:00+00:00,XAUUSD,M5,SHORT,5119.75,5137.178,5097.134,5097.134,22.615999999999985,1.2976818912095558,win,trend,short,76,89,,,,high_sweep,0.7071126014825282,0.29288739851747175,0.20711260148252958
XAUUSD-2026-06-02T04:55:00+00:00,2026-06-02T04:55:00+00:00,2026-06-02T06:30:00+00:00,XAUUSD,M5,LONG,4477.5,4461.624,4497.852,4497.852,20.35199999999986,1.2819349962206854,win,trend,long,74,89,,,,low_sweep,0.3976160825475956,0.6023839174524044,0.10238391745241247
XAUUSD-2026-05-20T17:15:00+00:00,2026-05-20T17:15:00+00:00,2026-05-20T17:15:00+00:00,XAUUSD,M5,LONG,4480.89,4465.668000000001,4499.334,4499.334,18.443999999999505,1.2116673236105509,win,trend,long,73,89,,,,low_sweep,0.46670702179177453,0.5332929782082254,0.033292978208225445
XAUUSD-2026-02-02T10:45:00+00:00,2026-02-02T10:45:00+00:00,2026-02-02T11:00:00+00:00,XAUUSD,M5,SHORT,4637.47,4652.645,4619.12,4619.12,18.350000000000364,1.2092257001647542,win,trend,short,74,89,,,,high_sweep,0.6257031850742653,0.3742968149257347,0.12570318507426437
XAUUSD-2026-01-30T14:00:00+00:00,2026-01-30T14:00:00+00:00,2026-01-30T14:25:00+00:00,XAUUSD,M5,SHORT,5131.88,5147.027,5113.736000000001,5113.736000000001,18.143999999999323,1.1978609625668055,win,trend,short,74,88,,,,high_sweep,0.6199888879391403,0.3800111120608597,0.11998888793913931
XAUUSD-2026-01-30T07:25:00+00:00,2026-01-30T07:25:00+00:00,2026-01-30T07:55:00+00:00,XAUUSD,M5,SHORT,5227.51,5242.52,5209.49,5209.49,18.020000000000437,1.2005329780146685,win,trend,short,75,82,,,,high_sweep,0.6971531510247468,0.30284684897525316,0.19715315102474554
XAUUSD-2026-02-05T08:50:00+00:00,2026-02-05T08:50:00+00:00,2026-02-05T08:55:00+00:00,XAUUSD,M5,SHORT,4920.86,4935.772,4903.035999999999,4903.035999999999,17.824000000000524,1.1952789699570956,win,trend,short,73,89,,,,high_sweep,0.5421809823784789,0.4578190176215211,0.0421809823784789
XAUUSD-2026-05-08T10:30:00+00:00,2026-05-08T10:30:00+00:00,2026-05-08T15:40:00+00:00,XAUUSD,M5,LONG,4710.9,4696.381,4728.148,4728.148,17.248000000000502,1.187960603347428,win,trend,long,78,89,,,,low_sweep,0.15916341722794153,0.8408365827720584,0.34083658277205847
XAUUSD-2026-05-04T13:25:00+00:00,2026-05-04T13:25:00+00:00,2026-05-04T13:30:00+00:00,XAUUSD,M5,LONG,4540.33,4526.052,4556.886,4556.886,16.556000000000495,1.1595461549236734,win,trend,short,79,67,,,,low_sweep,0.9333333333333307,0.06666666666666929,0.43333333333333074
XAUUSD-2026-04-02T19:25:00+00:00,2026-04-02T19:25:00+00:00,2026-04-02T21:55:00+00:00,XAUUSD,M5,LONG,4655.34,4641.7339999999995,4670.5520000000015,4670.5520000000015,15.212000000001353,1.1180361605174627,win,trend,long,76,85,,,,low_sweep,0.26530052772256923,0.7346994722774308,0.2346994722774308
XAUUSD-2026-06-18T14:15:00+00:00,2026-06-18T14:15:00+00:00,2026-06-18T15:20:00+00:00,XAUUSD,M5,LONG,4247.41,4239.841,4262.547999999999,4262.547999999999,15.13799999999901,2.0,win,trend,short,80,66,,,,low_sweep,0.9890884896872959,0.010911510312704098,0.4890884896872959
XAUUSD-2026-03-24T14:45:00+00:00,2026-03-24T14:45:00+00:00,2026-03-24T14:45:00+00:00,XAUUSD,M5,LONG,4373.83,4361.0380000000005,4387.413999999999,4387.413999999999,13.583999999998923,1.061913696059998,win,trend,long,76,85,,,,low_sweep,0.25111975915999646,0.7488802408400035,0.24888024084000018
XAUUSD-2026-02-20T08:30:00+00:00,2026-02-20T08:30:00+00:00,2026-02-20T10:10:00+00:00,XAUUSD,M5,SHORT,5018.14,5030.472,5005.446000000001,5005.446000000001,12.693999999999505,1.0293545248135012,win,trend,long,79,65,,,,high_sweep,0.07909140667762261,0.9209085933223774,0.42090859332236497
XAUUSD-2026-07-01T16:10:00+00:00,2026-07-01T16:10:00+00:00,2026-07-01T16:15:00+00:00,XAUUSD,M5,LONG,4018.01,4011.919,4030.192000000001,4030.192000000001,12.182000000000698,2.0,win,trend,long,77,89,,,,low_sweep,0.16970899470899894,0.8302910052910011,0.330291005291001
XAUUSD-2026-03-06T15:40:00+00:00,2026-03-06T15:40:00+00:00,2026-03-06T15:50:00+00:00,XAUUSD,M5,SHORT,5120.26,5132.253,5108.304000000002,5108.304000000002,11.955999999998312,0.9969148670056556,win,trend,short,76,89,,,,high_sweep,0.7380256638292481,0.2619743361707519,0.23802566382924234
XAUUSD-2025-12-29T19:00:00+00:00,2025-12-29T19:00:00+00:00,2025-12-29T19:10:00+00:00,XAUUSD,M5,SHORT,4337.72,4348.145,4328.87,4328.87,8.850000000000364,0.8489208633093726,win,trend,short,78,85,,,,high_sweep,0.8906662823653735,0.10933371763462656,0.39066628236537343
XAUUSD-2026-04-29T04:10:00+00:00,2026-04-29T04:10:00+00:00,2026-04-29T05:00:00+00:00,XAUUSD,M5,LONG,4585.23,4574.915,4593.859999999999,4593.859999999999,8.6299999999992,0.8366456616577348,win,trend,long,77,89,,,,low_sweep,0.19070996978852636,0.8092900302114736,0.30929003021146506
XAUUSD-2026-06-16T14:40:00+00:00,2026-06-16T14:40:00+00:00,2026-06-16T15:40:00+00:00,XAUUSD,M5,LONG,4338.81,4334.546,4347.338000000001,4347.338000000001,8.528000000000247,2.0,win,trend,long,80,89,,,,low_sweep,0.0,1.0,0.499999999999989
XAUUSD-2026-02-10T08:10:00+00:00,2026-02-10T08:10:00+00:00,2026-02-10T08:40:00+00:00,XAUUSD,M5,SHORT,5036.05,5046.228,5027.694,5027.694,8.355999999999767,0.820986441344062,win,trend,short,72,89,,,,high_sweep,0.4769028606085078,0.5230971393914922,0.023097139391487605
XAUUSD-2026-06-08T17:40:00+00:00,2026-06-08T17:40:00+00:00,2026-06-08T18:00:00+00:00,XAUUSD,M5,LONG,4323.85,4313.843,4331.864000000001,4331.864000000001,8.014000000001033,0.800839412411374,win,trend,long,76,85,,,,low_sweep,0.2519523748559771,0.7480476251440229,0.24804762514401704
XAUUSD-2026-04-23T03:55:00+00:00,2026-04-23T03:55:00+00:00,2026-04-23T04:10:00+00:00,XAUUSD,M5,SHORT,4744.31,4754.257,4736.416000000002,4736.416000000002,7.893999999998414,0.793606112395601,win,trend,short,78,86,,,,high_sweep,0.8812882619110974,0.1187117380889026,0.3812882619110974
XAUUSD-2026-07-02T08:35:00+00:00,2026-07-02T08:35:00+00:00,2026-07-02T08:35:00+00:00,XAUUSD,M5,LONG,4056.28,4052.374,4064.092000000001,4064.092000000001,7.812000000000808,2.0,win,trend,long,77,89,,,,low_sweep,0.17723362011913033,0.8227663798808696,0.3227663798808697
XAUUSD-2026-07-07T19:00:00+00:00,2026-07-07T19:00:00+00:00,2026-07-07T19:25:00+00:00,XAUUSD,M5,LONG,4139.06,4135.4439999999995,4146.292000000002,4146.292000000002,7.23200000000179,2.0,win,trend,long,74,89,,,,low_sweep,0.41067793956474896,0.589322060435251,0.08932206043524389
XAUUSD-2025-11-21T17:45:00+00:00,2025-11-21T17:45:00+00:00,2025-11-21T18:45:00+00:00,XAUUSD,M5,LONG,4074.42,4054.313,4081.3039999999996,4081.3039999999996,6.88399999999956,0.3423683294374879,win,trend,long,77,87,,,,low_sweep,0.201727228287439,0.7982727717125611,0.298272771712561
XAUUSD-2026-03-13T11:10:00+00:00,2026-03-13T11:10:00+00:00,2026-03-13T12:30:00+00:00,XAUUSD,M5,SHORT,5088.21,5097.6179999999995,5081.394000000001,5081.394000000001,6.815999999998894,0.7244897959182923,win,trend,short,74,89,,,,high_sweep,0.614328358208953,0.38567164179104696,0.11432835820895305
XAUUSD-2026-01-27T01:50:00+00:00,2026-01-27T01:50:00+00:00,2026-01-27T01:55:00+00:00,XAUUSD,M5,SHORT,5052.68,5062.033,5045.974,5045.974,6.706000000000131,0.7169892013257868,win,trend,short,77,89,,,,high_sweep,0.822814480423642,0.17718551957635797,0.322814480423642
XAUUSD-2026-04-08T19:55:00+00:00,2026-04-08T19:55:00+00:00,2026-04-08T20:20:00+00:00,XAUUSD,M5,SHORT,4756.99,4766.157999999999,4750.654,4750.654,6.335999999999331,0.6910994764397428,win,trend,short,77,89,,,,high_sweep,0.7755121042830497,0.22448789571695027,0.27551210428305395
XAUUSD-2025-12-31T03:55:00+00:00,2025-12-31T03:55:00+00:00,2025-12-31T04:20:00+00:00,XAUUSD,M5,SHORT,4364.78,4373.747,4358.845999999999,4358.845999999999,5.934000000001106,0.6617597858816483,win,trend,short,77,88,,,,high_sweep,0.7842735581468706,0.2157264418531294,0.28427355814687777
XAUUSD-2026-03-13T19:40:00+00:00,2026-03-13T19:40:00+00:00,2026-03-13T19:45:00+00:00,XAUUSD,M5,SHORT,5055.55,5064.462,5049.726,5049.726,5.824000000000524,0.6535008976661077,win,trend,short,76,89,,,,high_sweep,0.7377431906614788,0.2622568093385213,0.23774319066148314
XAUUSD-2026-05-13T06:00:00+00:00,2026-05-13T06:00:00+00:00,2026-05-13T06:30:00+00:00,XAUUSD,M5,LONG,4695.89,4686.98,4701.710000000002,4701.710000000002,5.820000000001528,0.6531986531987687,win,trend,long,76,84,,,,low_sweep,0.27635584620588655,0.7236441537941135,0.22364415379411345
XAUUSD-2026-01-30T13:25:00+00:00,2026-01-30T13:25:00+00:00,2026-01-30T13:25:00+00:00,XAUUSD,M5,SHORT,5119.43,5131.186,5113.947999999999,5113.947999999999,5.48200000000088,0.4663150731542326,win,trend,short,74,87,,,,high_sweep,0.6199888879391403,0.3800111120608597,0.11998888793913931
XAUUSD-2026-04-22T16:50:00+00:00,2026-04-22T16:50:00+00:00,2026-04-22T17:00:00+00:00,XAUUSD,M5,SHORT,4752.82,4761.561,4747.338,4747.338,5.481999999999971,0.6271593639171696,win,trend,short,79,84,,,,high_sweep,0.953882672092216,0.046117327907784,0.45388267209220057
XAUUSD-2026-03-27T19:45:00+00:00,2026-03-27T19:45:00+00:00,2026-03-27T20:15:00+00:00,XAUUSD,M5,LONG,4494.39,4485.699,4499.772000000002,4499.772000000002,5.382000000001426,0.6192613047981802,win,trend,long,76,85,,,,low_sweep,0.25838460011907377,0.7416153998809263,0.24161539988092623
XAUUSD-2026-04-13T21:30:00+00:00,2026-04-13T21:30:00+00:00,2026-04-13T21:50:00+00:00,XAUUSD,M5,LONG,4731.31,4722.695000000001,4736.54,4736.54,5.229999999999563,0.6070806732443059,win,trend,long,74,85,,,,low_sweep,0.40480961923847625,0.5951903807615238,0.09519038076152374
XAUUSD-2026-03-18T08:40:00+00:00,2026-03-18T08:40:00+00:00,2026-03-18T09:40:00+00:00,XAUUSD,M5,SHORT,5008.18,5016.753000000001,5003.034,5003.034,5.14600000000064,0.6002566196197886,win,trend,short,73,89,,,,high_sweep,0.5368421052631511,0.4631578947368488,0.03684210526313788
XAUUSD-2025-10-29T15:45:00+00:00,2025-10-29T15:45:00+00:00,2025-10-29T16:00:00+00:00,XAUUSD,M5,LONG,4011.65,4002.148,4016.644,4016.644,4.993999999999687,0.5255735634602938,win,trend,long,79,86,,,,low_sweep,0.05965265542411033,0.9403473445758896,0.44034734457589253
XAUUSD-2026-07-01T07:45:00+00:00,2026-07-01T07:45:00+00:00,2026-07-01T07:45:00+00:00,XAUUSD,M5,LONG,3974.6,3972.215,3979.4,3979.4,4.800000000000182,2.012578616352477,win,trend,short,78,65,,,,low_sweep,0.8385375804173794,0.16146241958262067,0.3385375804173829
XAUUSD-2026-01-21T23:40:00+00:00,2026-01-21T23:40:00+00:00,2026-01-22T01:00:00+00:00,XAUUSD,M5,SHORT,4831.46,4839.854,4826.672,4826.672,4.788000000000466,0.5704074338813835,win,trend,short,72,88,,,,high_sweep,0.43489041753319546,0.5651095824668045,0.0651095824668009
XAUUSD-2026-04-21T10:55:00+00:00,2026-04-21T10:55:00+00:00,2026-04-21T11:05:00+00:00,XAUUSD,M5,SHORT,4784.73,4793.075,4780.039999999999,4780.039999999999,4.690000000000509,0.5620131815458798,win,trend,short,79,87,,,,high_sweep,0.9280967796898912,0.07190322031010876,0.428096779689899
XAUUSD-2026-02-12T21:55:00+00:00,2026-02-12T21:55:00+00:00,2026-02-12T21:55:00+00:00,XAUUSD,M5,SHORT,4950.36,4958.665,4945.749999999999,4945.749999999999,4.610000000000582,0.5550872968092018,win,trend,short,76,89,,,,high_sweep,0.7222953537126414,0.27770464628735864,0.22229535371263917
XAUUSD-2026-06-02T12:35:00+00:00,2026-06-02T12:35:00+00:00,2026-06-02T14:00:00+00:00,XAUUSD,M5,LONG,4529.64,4521.412,4534.0960000000005,4534.0960000000005,4.456000000000131,0.5415653864851842,win,trend,long,77,89,,,,low_sweep,0.1882322975038164,0.8117677024961836,0.31176770249618363
XAUUSD-2026-03-09T03:25:00+00:00,2026-03-09T03:25:00+00:00,2026-03-09T03:25:00+00:00,XAUUSD,M5,SHORT,5080.63,5088.842,5076.236000000002,5076.236000000002,4.393999999998414,0.5350706283485951,win,trend,short,78,87,,,,high_sweep,0.8542979069294845,0.1457020930705155,0.35429790692948143
XAUUSD-2025-12-10T16:15:00+00:00,2025-12-10T16:15:00+00:00,2025-12-10T16:20:00+00:00,XAUUSD,M5,SHORT,4205.24,4207.262000000001,4201.195999999998,4201.195999999998,4.044000000001688,2.0,win,trend,short,73,89,,,,high_sweep,0.5170842824601297,0.48291571753987034,0.017084282460129673
XAUUSD-2026-03-16T13:30:00+00:00,2026-03-16T13:30:00+00:00,2026-03-16T13:45:00+00:00,XAUUSD,M5,SHORT,5015.21,5023.137,5011.356000000001,5011.356000000001,3.8539999999993597,0.4861864513686786,win,trend,short,73,89,,,,high_sweep,0.5655464729034128,0.43445352709658724,0.06554647290340587
XAUUSD-2026-07-03T16:50:00+00:00,2026-07-03T16:50:00+00:00,2026-07-03T16:55:00+00:00,XAUUSD,M5,LONG,4165.01,4163.108,4168.814,4168.814,3.8040000000000873,2.0,win,trend,long,74,89,,,,low_sweep,0.36981566820275674,0.6301843317972432,0.13018433179724323
XAUUSD-2026-07-07T17:15:00+00:00,2026-07-07T17:15:00+00:00,2026-07-07T17:15:00+00:00,XAUUSD,M5,LONG,4152.37,4150.481,4156.148,4156.148,3.7780000000002474,2.0,win,trend,long,75,88,,,,low_sweep,0.34538907155159604,0.654610928448404,0.15461092844839686
XAUUSD-2026-04-01T05:45:00+00:00,2026-04-01T05:45:00+00:00,2026-04-01T05:55:00+00:00,XAUUSD,M5,LONG,4685.71,4677.838,4689.454000000001,4689.454000000001,3.7440000000005966,0.47560975609761874,win,trend,long,76,85,,,,low_sweep,0.24342308882698221,0.7565769111730178,0.2565769111730178
XAUUSD-2026-06-11T12:35:00+00:00,2026-06-11T12:35:00+00:00,2026-06-11T12:35:00+00:00,XAUUSD,M5,LONG,4084.77,4076.812,4088.4759999999997,4088.4759999999997,3.705999999999676,0.46569489821558646,win,trend,long,75,89,,,,low_sweep,0.3551124310564302,0.6448875689435698,0.1448875689435698
XAUUSD-2026-06-30T11:20:00+00:00,2026-06-30T11:20:00+00:00,2026-06-30T11:20:00+00:00,XAUUSD,M5,LONG,4021.92,4020.0759999999996,4025.608000000001,4025.608000000001,3.6880000000010114,2.0,win,trend,long,80,89,,,,low_sweep,0.02785002167317033,0.9721499783268297,0.47214997832683214
XAUUSD-2026-02-09T15:15:00+00:00,2026-02-09T15:15:00+00:00,2026-02-09T15:15:00+00:00,XAUUSD,M5,SHORT,5018.18,5025.89,5014.76,5014.76,3.4200000000000728,0.44357976653697234,win,trend,short,73,88,,,,high_sweep,0.5100141933449017,0.4899858066550983,0.010014193344901747
XAUUSD-2026-04-30T15:35:00+00:00,2026-04-30T15:35:00+00:00,2026-04-30T15:50:00+00:00,XAUUSD,M5,LONG,4631.68,4623.962,4635.085999999999,4635.085999999999,3.4059999999990396,0.44130603783351996,win,trend,long,78,89,,,,low_sweep,0.15826727066818075,0.8417327293318193,0.3417327293318236
XAUUSD-2026-04-24T16:35:00+00:00,2026-04-24T16:35:00+00:00,2026-04-24T16:35:00+00:00,XAUUSD,M5,LONG,4696.24,4688.688,4699.343999999999,4699.343999999999,3.1039999999993597,0.411016949152475,win,trend,long,76,88,,,,low_sweep,0.2774789915966423,0.7225210084033576,0.22252100840335767
XAUUSD-2026-06-04T09:20:00+00:00,2026-06-04T09:20:00+00:00,2026-06-04T09:35:00+00:00,XAUUSD,M5,LONG,4473.49,4465.992,4476.485999999999,4476.485999999999,2.995999999999185,0.39957321952511976,win,trend,long,76,83,,,,low_sweep,0.24658219406468943,0.7534178059353106,0.2534178059353106
XAUUSD-2025-12-10T18:55:00+00:00,2025-12-10T18:55:00+00:00,2025-12-10T19:05:00+00:00,XAUUSD,M5,SHORT,4203.93,4205.406,4200.948,4200.948,2.981999999999971,2.0203252032524808,win,trend,short,76,89,,,,high_sweep,0.7594080338266225,0.2405919661733775,0.25940803382664174
XAUUSD-2026-06-11T14:25:00+00:00,2026-06-11T14:25:00+00:00,2026-06-11T14:30:00+00:00,XAUUSD,M5,LONG,4090.22,4082.785,4093.0899999999997,4093.0899999999997,2.869999999999891,0.38601210490920135,win,trend,long,74,87,,,,low_sweep,0.4299236641221391,0.5700763358778609,0.07007633587785739
XAUUSD-2026-05-08T07:45:00+00:00,2026-05-08T07:45:00+00:00,2026-05-08T08:25:00+00:00,XAUUSD,M5,LONG,4716.04,4708.620000000001,4718.879999999998,4718.879999999998,2.8399999999983265,0.38274932614537016,win,trend,long,76,89,,,,low_sweep,0.24187924389795254,0.7581207561020474,0.25812075610204743
XAUUSD-2026-03-16T14:35:00+00:00,2026-03-16T14:35:00+00:00,2026-03-16T14:50:00+00:00,XAUUSD,M5,SHORT,5018.39,5025.773999999999,5015.562000000001,5015.562000000001,2.82799999999952,0.38299024918741364,win,trend,short,74,88,,,,high_sweep,0.5929458068422622,0.4070541931577379,0.09294580684225523
XAUUSD-2026-04-09T15:30:00+00:00,2026-04-09T15:30:00+00:00,2026-04-09T15:35:00+00:00,XAUUSD,M5,LONG,4741.61,4734.102,4744.416,4744.416,2.8060000000004948,0.3737346830048702,win,trend,long,80,89,,,,low_sweep,0.01757631822386366,0.9824236817761364,0.4824236817761363
XAUUSD-2026-06-30T11:25:00+00:00,2026-06-30T11:25:00+00:00,2026-06-30T11:25:00+00:00,XAUUSD,M5,LONG,4021.02,4019.707,4023.646,4023.646,2.6260000000002037,2.0,win,trend,long,80,88,,,,low_sweep,0.02785002167317033,0.9721499783268297,0.47214997832683214
XAUUSD-2026-05-29T15:50:00+00:00,2026-05-29T15:50:00+00:00,2026-05-29T15:55:00+00:00,XAUUSD,M5,LONG,4519.58,4512.223,4522.114000000001,4522.114000000001,2.5340000000014697,0.34443387250257984,win,trend,long,78,85,,,,low_sweep,0.10294420424130184,0.8970557957586982,0.39705579575869815
XAUUSD-2026-02-04T15:55:00+00:00,2026-02-04T15:55:00+00:00,2026-02-04T15:55:00+00:00,XAUUSD,M5,SHORT,5057.54,5064.752,5055.146,5055.146,2.394000000000233,0.3319467554076658,win,trend,short,75,87,,,,high_sweep,0.6511182108626175,0.3488817891373825,0.15111821086261748
XAUUSD-2026-01-27T20:55:00+00:00,2026-01-27T20:55:00+00:00,2026-01-27T21:00:00+00:00,XAUUSD,M5,SHORT,5088.38,5095.564,5086.012,5086.012,2.368000000000393,0.3296213808463708,win,trend,short,71,89,,,,high_sweep,0.3860580325548397,0.6139419674451603,0.11394196744516029
XAUUSD-2026-05-07T16:15:00+00:00,2026-05-07T16:15:00+00:00,2026-05-07T16:15:00+00:00,XAUUSD,M5,LONG,4737.36,4730.22,4739.6399999999985,4739.6399999999985,2.279999999998836,0.31932773109229995,win,trend,long,79,89,,,,low_sweep,0.05713817943680068,0.9428618205631993,0.44286182056319934
XAUUSD-2026-05-14T14:30:00+00:00,2026-05-14T14:30:00+00:00,2026-05-14T14:45:00+00:00,XAUUSD,M5,LONG,4695.99,4688.856,4698.258,4698.258,2.268000000000029,0.3179142136248983,win,trend,long,74,89,,,,low_sweep,0.43171893608574735,0.5682810639142526,0.06828106391426166
XAUUSD-2026-04-16T16:40:00+00:00,2026-04-16T16:40:00+00:00,2026-04-16T16:40:00+00:00,XAUUSD,M5,SHORT,4817.59,4824.664,4815.382,4815.382,2.2080000000005384,0.3121289228160388,win,trend,short,75,87,,,,high_sweep,0.6627697841726585,0.3372302158273414,0.16276978417267218
XAUUSD-2026-03-20T07:10:00+00:00,2026-03-20T07:10:00+00:00,2026-03-20T07:15:00+00:00,XAUUSD,M5,LONG,4717.2,4710.109,4719.351999999998,4719.351999999998,2.1519999999982247,0.30348328867555985,win,trend,long,78,84,,,,low_sweep,0.10233792312105841,0.8976620768789416,0.3976620768789416
XAUUSD-2026-05-29T21:50:00+00:00,2026-05-29T21:50:00+00:00,2026-05-29T22:10:00+00:00,XAUUSD,M5,LONG,4557.16,4550.165,4559.15,4559.15,1.9899999999997817,0.2844889206575858,win,trend,long,73,87,,,,low_sweep,0.48944405348346665,0.5105559465165334,0.010555946516533356
XAUUSD-2026-03-17T19:25:00+00:00,2026-03-17T19:25:00+00:00,2026-03-17T19:40:00+00:00,XAUUSD,M5,SHORT,5002.32,5009.285000000001,5000.389999999998,5000.389999999998,1.93000000000211,0.27709978463773405,win,trend,short,73,89,,,,high_sweep,0.5080241587575443,0.4919758412424557,0.008024158757552148
XAUUSD-2026-03-31T06:50:00+00:00,2026-03-31T06:50:00+00:00,2026-03-31T07:00:00+00:00,XAUUSD,M5,LONG,4556.81,4549.912,4558.606000000001,4558.606000000001,1.7960000000002765,0.2603653232821456,win,trend,long,74,88,,,,low_sweep,0.3748447885472191,0.625155211452781,0.1251552114527809
XAUUSD-2025-12-29T15:10:00+00:00,2025-12-29T15:10:00+00:00,2025-12-29T15:10:00+00:00,XAUUSD,M5,SHORT,4461.36,4468.192000000001,4459.695999999997,4459.695999999997,1.6640000000024884,0.2435597189698749,win,trend,short,75,89,,,,high_sweep,0.6506149918774671,0.3493850081225329,0.15061499187747235
XAUUSD-2026-03-16T06:20:00+00:00,2026-03-16T06:20:00+00:00,2026-03-16T06:35:00+00:00,XAUUSD,M5,SHORT,5019.82,5026.603,5018.253999999999,5018.253999999999,1.566000000000713,0.23087129588686875,win,trend,short,72,85,,,,high_sweep,0.464782879700807,0.535217120299193,0.035217120299193015
XAUUSD-2026-04-30T05:45:00+00:00,2026-04-30T05:45:00+00:00,2026-04-30T06:00:00+00:00,XAUUSD,M5,LONG,4566.31,4559.557,4567.876,4567.876,1.5659999999998035,0.23189693469564074,win,trend,long,79,89,,,,low_sweep,0.050687683511045335,0.9493123164889546,0.44931231648894765
XAUUSD-2026-04-08T15:15:00+00:00,2026-04-08T15:15:00+00:00,2026-04-08T15:15:00+00:00,XAUUSD,M5,SHORT,4801.35,4808.123,4799.804000000002,4799.804000000002,1.5459999999984575,0.2282592647273931,win,trend,short,74,86,,,,high_sweep,0.6252239834596848,0.3747760165403153,0.12522398345968475
XAUUSD-2026-04-15T15:00:00+00:00,2026-04-15T15:00:00+00:00,2026-04-15T15:05:00+00:00,XAUUSD,M5,SHORT,4808.66,4815.422,4807.136,4807.136,1.5239999999994325,0.22537710736461053,win,trend,short,78,86,,,,high_sweep,0.8395816194617509,0.16041838053824906,0.3395816194617509
XAUUSD-2026-02-05T07:55:00+00:00,2026-02-05T07:55:00+00:00,2026-02-05T07:55:00+00:00,XAUUSD,M5,SHORT,4901.37,4908.125,4899.86,4899.86,1.5100000000002183,0.22353811991120562,win,trend,short,75,85,,,,high_sweep,0.6809398144207037,0.31906018557929633,0.1809398144207037
XAUUSD-2025-12-17T14:25:00+00:00,2025-12-17T14:25:00+00:00,2025-12-17T15:00:00+00:00,XAUUSD,M5,SHORT,4316.76,4323.4839999999995,4315.312000000002,4315.312000000002,1.4479999999985012,0.21534800713840907,win,trend,short,76,89,,,,high_sweep,0.7241859170609581,0.27581408293904186,0.22418591706095814
XAUUSD-2026-05-14T12:05:00+00:00,2026-05-14T12:05:00+00:00,2026-05-14T12:10:00+00:00,XAUUSD,M5,LONG,4696.62,4689.898,4698.063999999999,4698.063999999999,1.4439999999995052,0.2148170187443556,win,trend,long,72,87,,,,low_sweep,0.5049622866216843,0.4950377133783157,0.004962286621675257
XAUUSD-2026-03-17T20:25:00+00:00,2026-03-17T20:25:00+00:00,2026-03-17T20:30:00+00:00,XAUUSD,M5,SHORT,5002.66,5009.3589999999995,5001.262000000001,5001.262000000001,1.3979999999992287,0.20868786386017454,win,trend,short,73,84,,,,high_sweep,0.5000862812769726,0.49991371872302737,8.628127698047714e-05
XAUUSD-2026-06-04T09:00:00+00:00,2026-06-04T09:00:00+00:00,2026-06-04T09:00:00+00:00,XAUUSD,M5,LONG,4473.21,4466.5599999999995,4474.510000000001,4474.510000000001,1.3000000000010914,0.19548872180465934,win,trend,long,79,86,,,,low_sweep,0.04951650550183855,0.9504834944981615,0.45048349449816144
XAUUSD-2026-02-13T14:25:00+00:00,2026-02-13T14:25:00+00:00,2026-02-13T14:30:00+00:00,XAUUSD,M5,SHORT,4967.25,4973.795,4966.16,4966.16,1.0900000000001455,0.16653934300995163,win,trend,short,75,86,,,,high_sweep,0.6795780192095829,0.320421980790417,0.179578019209583
XAUUSD-2026-04-15T15:20:00+00:00,2026-04-15T15:20:00+00:00,2026-04-15T15:45:00+00:00,XAUUSD,M5,SHORT,4810.09,4816.556,4809.158000000001,4809.158000000001,0.9319999999988795,0.14413857098653884,win,trend,short,74,89,,,,high_sweep,0.608126209257334,0.391873790742666,0.10812620925733402
XAUUSD-2026-04-24T20:35:00+00:00,2026-04-24T20:35:00+00:00,2026-04-24T20:50:00+00:00,XAUUSD,M5,LONG,4724.88,4718.499,4725.612,4725.612,0.7319999999999709,0.11471556182415531,win,trend,long,77,83,,,,low_sweep,0.19350180505414638,0.8064981949458536,0.3064981949458536
XAUUSD-2026-06-02T12:05:00+00:00,2026-06-02T12:05:00+00:00,2026-06-02T12:10:00+00:00,XAUUSD,M5,LONG,4531.44,4525.043000000001,4532.113999999998,4532.113999999998,0.6739999999981592,0.10536188838490886,win,trend,long,77,88,,,,low_sweep,0.1882322975038164,0.8117677024961836,0.31176770249618363
XAUUSD-2025-11-19T20:20:00+00:00,2025-11-19T20:20:00+00:00,2025-11-19T20:30:00+00:00,XAUUSD,M5,SHORT,4079.06,4086.817,4078.5760000000005,4078.5760000000005,0.48399999999946886,0.0623952558978297,win,trend,short,75,89,,,,high_sweep,0.698487219613981,0.30151278038601903,0.198487219613978
XAUUSD-2026-01-15T08:25:00+00:00,2026-01-15T08:25:00+00:00,2026-01-15T08:30:00+00:00,XAUUSD,M5,SHORT,4604.19,4610.401,4603.767999999999,4603.767999999999,0.4220000000004802,0.06794397037521557,win,trend,short,77,89,,,,high_sweep,0.7704387242998302,0.22956127570016982,0.2704387242998228
XAUUSD-2025-12-30T02:30:00+00:00,2025-12-30T02:30:00+00:00,2025-12-30T02:35:00+00:00,XAUUSD,M5,SHORT,4345.22,4351.408,4344.844,4344.844,0.3760000000002037,0.06076276664515151,win,trend,short,76,89,,,,high_sweep,0.7410146069458737,0.25898539305412627,0.24101460694587096
XAUUSD-2026-06-04T11:00:00+00:00,2026-06-04T11:00:00+00:00,2026-06-04T11:00:00+00:00,XAUUSD,M5,LONG,4465.68,4459.5289999999995,4465.982000000002,4465.982000000002,0.30200000000149885,0.04909770769004423,win,trend,long,76,87,,,,low_sweep,0.2702567522507528,0.7297432477492471,0.22974324774924718
XAUUSD-2026-01-19T18:00:00+00:00,2026-01-19T18:00:00+00:00,2026-01-19T19:15:00+00:00,XAUUSD,M5,SHORT,4670.29,4676.401,4670.068,4670.068,0.22199999999975262,0.03632793323510999,win,trend,short,75,89,,,,high_sweep,0.6438144329896915,0.35618556701030846,0.14381443298969154
XAUUSD-2026-01-15T09:00:00+00:00,2026-01-15T09:00:00+00:00,2026-01-15T09:05:00+00:00,XAUUSD,M5,SHORT,4606.21,4612.309,4606.012,4606.012,0.19800000000032014,0.03246433841618543,win,trend,short,77,88,,,,high_sweep,0.7704387242998302,0.22956127570016982,0.2704387242998228
XAUUSD-2026-04-21T11:45:00+00:00,2026-04-21T11:45:00+00:00,2026-04-21T11:50:00+00:00,XAUUSD,M5,SHORT,4787.62,4793.71,4787.44,4787.44,0.18000000000029104,0.0295566502463525,win,trend,short,77,88,,,,high_sweep,0.779171480442316,0.22082851955768407,0.27917148044231593
XAUUSD-2026-05-29T21:00:00+00:00,2026-05-29T21:00:00+00:00,2026-05-29T21:05:00+00:00,XAUUSD,M5,LONG,4557.45,4551.405000000001,4557.539999999998,4557.539999999998,0.08999999999832653,0.014888337468707855,win,trend,long,75,89,,,,low_sweep,0.33098756744077157,0.6690124325592285,0.16901243255922846
XAUUSD-2026-03-13T12:55:00+00:00,2026-03-13T12:55:00+00:00,2026-03-13T13:00:00+00:00,XAUUSD,M5,SHORT,5092.72,5098.807,5092.666000000001,5092.666000000001,0.05399999999917782,0.00887136520439986,win,trend,short,74,87,,,,high_sweep,0.5808955223880607,0.4191044776119392,0.08089552238806079
